{
  "xgb_weight": 0.4,
  "cat_weight": 0.3,
  "lgb_weight": 0.15,
  "stack_weight": 0.15,
  "lgb_available": true,
  "rare_booster_alpha": 8.929531792289387,
  "rare_booster_beta": 0.4939266133400539,
  "diag_temps": [
    3.4097005220151484,
    2.8380264287578516,
    2.406467597117248,
    3.4959671806508137,
    1.9858750854999412
  ],
  "diag_thresholds": [
    0.0,
    0.0,
    0.0,
    0.0,
    0.0
  ],
  "ovr_thresholds": [
    0.24321281233750394,
    0.19929868272419066,
    0.20837381821242132,
    0.261825480334008,
    0.23842040544418117
  ],
  "bin_edges": {
    "mid_price_ratio_3": [
      0.7996888160705566,
      0.9999899864196777,
      0.9999985694885254,
      1.0000017881393433,
      1.00001060962677,
      1.2501670122146606
    ],
    "mid_price_ratio_5": [
      0.7996564507484436,
      0.9999815821647644,
      0.9999975562095642,
      1.0000028610229492,
      1.0000195503234863,
      1.2502187490463257
    ],
    "mid_price_ratio_10": [
      0.7997381091117859,
      0.9999532103538513,
      0.9999955296516418,
      1.0000051259994507,
      1.000047206878662,
      1.2500947713851929
    ],
    "mid_price_ratio_20": [
      0.7996277809143066,
      0.9999104738235474,
      0.9999898672103882,
      1.0000113248825073,
      1.0000889301300049,
      1.2502084970474243
    ],
    "mid_price_ratio_50": [
      0.799305260181427,
      0.9998247623443604,
      0.9999622702598572,
      1.0000386238098145,
      1.0001758337020874,
      1.2503621578216553
    ],
    "mid_price_ratio_100": [
      0.7990930080413818,
      0.9997289180755615,
      0.9999311566352844,
      1.0000698566436768,
      1.0002704858779907,
      1.2506303787231445
    ],
    "mid_price_position_3": [
      -349551001600.0,
      -0.2112675905227661,
      0.025899279862642288,
      0.8421051502227783,
      1.252427101135254,
      69199249408.0
    ],
    "mid_price_position_5": [
      -200861253632.0,
      -0.01683867536485195,
      0.19565217196941376,
      0.79365074634552,
      1.0347334146499634,
      4018749952.0
    ],
    "mid_price_position_10": [
      -200861253632.0,
      0.0,
      0.27184465527534485,
      0.7537878751754761,
      0.9999999403953552,
      1964999936.0
    ],
    "mid_price_position_20": [
      -200861253632.0,
      0.03401360660791397,
      0.2878338396549225,
      0.737609326839447,
      0.9725658893585205,
      109000000.0
    ],
    "mid_price_position_50": [
      -200861253632.0,
      0.0461200587451458,
      0.29597699642181396,
      0.7240963578224182,
      0.9611135125160217,
      126.19998168945312
    ],
    "mid_price_position_100": [
      -200861253632.0,
      0.053770579397678375,
      0.32114270329475403,
      0.7001897692680359,
      0.9548872113227844,
      80.91488647460938
    ],
    "mid_price_diff_2": [
      -2.3299999237060547,
      -0.02500000037252903,
      -0.004999999888241291,
      0.004999999888241291,
      0.02500000037252903,
      2.515000104904175
    ],
    "mid_price_diff_3": [
      -2.450000047683716,
      -0.019999999552965164,
      -0.004999999888241291,
      0.004999999888241291,
      0.019999999552965164,
      2.640000104904175
    ],
    "mid_price_diff_4": [
      -2.5199999809265137,
      -0.029999999329447746,
      -0.009999999776482582,
      0.004999999888241291,
      0.029999999329447746,
      2.674999952316284
    ],
    "mid_price_diff_5": [
      -2.444999933242798,
      -0.03500000014901161,
      -0.009999999776482582,
      0.009999999776482582,
      0.03500000014901161,
      2.700000047683716
    ],
    "spread_pct_change_1": [
      -1646.2939453125,
      -0.03469080105423927,
      -0.0025477707386016846,
      0.0,
      0.029991431161761284,
      1287.3441162109375
    ],
    "spread_pct_change_2": [
      -1164.1048583984375,
      -0.046822741627693176,
      -0.011535048484802246,
      0.0006925207562744617,
      0.04289215803146362,
      1593.129150390625
    ],
    "spread_pct_change_3": [
      -1375.9029541015625,
      -0.05560619756579399,
      -0.016816817224025726,
      0.005322687793523073,
      0.05238095298409462,
      1403.2059326171875
    ],
    "volume_ratio": [
      0.0028845740016549826,
      0.6255993247032166,
      0.8896783590316772,
      1.2103443145751953,
      1.7219984531402588,
      521.6151733398438
    ],
    "keltner_position_10": [
      -1.5226649045944214,
      0.482906699180603,
      0.49788492918014526,
      0.5025191307067871,
      0.5178432464599609,
      3.924980640411377
    ],
    "keltner_position_20": [
      -3.907672166824341,
      0.46423250436782837,
      0.49475377798080444,
      0.5060828924179077,
      0.5368319749832153,
      3.384794235229492
    ],
    "keltner_position_50": [
      -10.71387004852295,
      0.4248121678829193,
      0.4834824800491333,
      0.5180497765541077,
      0.5770912766456604,
      5.445217609405518
    ]
  },
  "target_encoding": {
    "smoothing": 10.0,
    "n_bins": 10,
    "global_mean": 0.5993448526617277,
    "bin_edges": {
      "mid_price_mean": [
        2268.963134765625,
        2681.883203125,
        2709.67529296875,
        2740.14130859375,
        2751.538671875,
        2761.695068359375,
        2768.685546875,
        2777.179443359375,
        2794.814453125,
        2814.740087890625,
        2880.366943359375
      ],
      "microprice_1": [
        2617.631591796875,
        2681.89833984375,
        2709.70263671875,
        2740.17529296875,
        2751.56005859375,
        2761.701171875,
        2768.699951171875,
        2777.193359375,
        2794.8037109375,
        2814.782470703125,
        2880.50048828125
      ],
      "spread_abs_mean": [
        -1133.6075439453125,
        0.5830000042915344,
        0.6159999966621399,
        0.6420000195503235,
        0.6660000085830688,
        0.6909999847412109,
        0.718999981880188,
        0.7534999847412109,
        0.8009999990463257,
        0.8889999985694885,
        913.4359741210938
      ],
      "volume_imbalance": [
        -0.9942474365234375,
        -0.3507809996604919,
        -0.23031529784202576,
        -0.13901877105236055,
        -0.05838113874197006,
        0.018417520448565483,
        0.09516314268112167,
        0.17504352033138276,
        0.2652454316616059,
        0.3842551827430726,
        0.996173083782196
      ],
      "mid_price_diff_2": [
        -2.3299999237060547,
        -0.029999999329447746,
        -0.02500000037252903,
        -0.014999999664723873,
        -0.004999999888241291,
        0.0,
        0.004999999888241291,
        0.014999999664723873,
        0.02500000037252903,
        0.029999999329447746,
        2.515000104904175
      ],
      "mid_price_ratio_3": [
        0.7996888160705566,
        0.999963104724884,
        0.9999899864196777,
        0.9999957084655762,
        0.9999985694885254,
        1.0,
        1.0000017881393433,
        1.0000046491622925,
        1.00001060962677,
        1.0000371932983398,
        1.2501670122146606
      ],
      "mid_price_position_5": [
        -200861253632.0,
        -0.44093492031097403,
        -0.016838573664426797,
        0.0022949817590414254,
        0.19565217196941376,
        0.49494948983192444,
        0.79365074634552,
        0.9886032223701475,
        1.0347328424453737,
        1.4712298870086675,
        4018749952.0
      ],
      "mid_price_position_10": [
        -200861253632.0,
        -0.10006288141012189,
        0.0,
        0.09664028435945507,
        0.27184465527534485,
        0.5154638886451721,
        0.7537878751754761,
        0.9166666269302368,
        0.9999999403953552,
        1.1119061231613163,
        1964999936.0
      ],